key,doi
Anand_et_al_SciRep,10.1038/s41598-026-46902-2
Oliveira_et_al_PNAS,10.1073/pnas.2515903123
Baecher_et_al_STOTEN,10.1016/j.scitotenv.2025.180308
Evans_et_al_FrontEcoEvo,10.1002/fee.2825
Baecher_JBI,10.1111/jbi.14973
Klinges_et_al_GEB,10.1111/geb.13884
Lawlor_et_al_NREE,10.1038/s43017-024-00527-z
Comte_et_al_GCB,10.1111/gcb.17271
Baecher_et_al_JAE,10.1111/1365-2656.13899
Basham_et_al_BiolRev,10.1111/brv.12896
Basham_et_al_Oceologia,10.1007/s00442-022-05108-9
Swartout_et_al_Herp,10.1655/Herpetologica-D-18-00007
Baecher_et_al_HerpBull,10.33256/hb150.2930
Hinkson_et_al_Cryo,10.1016/j.cryobiol.2019.05.007
Baecher_Richter_EcoEvo,10.1002/ece3.4736
Baecher_et_al_Wetlands,10.1007/s13157-017-0966-5
